{
    "0": {
        "activation": 150528,
        "param_size": 0,
        "exec_time": 1.294465
    },
    "1": {
        "activation": 401408,
        "param_size": 992,
        "exec_time": 2.0739358
    },
    "2": {
        "activation": 1204224,
        "param_size": 28032,
        "exec_time": 4.90617765
    },
    "3": {
        "activation": 301056,
        "param_size": 2400,
        "exec_time": 2.02660975
    },
    "4": {
        "activation": 2408448,
        "param_size": 42240,
        "exec_time": 9.4687074
    },
    "5": {
        "activation": 100352,
        "param_size": 6272,
        "exec_time": 1.5879969
    },
    "6": {
        "activation": 802816,
        "param_size": 74752,
        "exec_time": 4.28540225
    },
    "7": {
        "activation": 100352,
        "param_size": 8320,
        "exec_time": 2.09241115
    },
    "8": {
        "activation": 100352,
        "param_size": 0,
        "exec_time": 1.7566019
    },
    "9": {
        "activation": 802816,
        "param_size": 74752,
        "exec_time": 4.1074449500000005
    },
    "10": {
        "activation": 37632,
        "param_size": 12480,
        "exec_time": 1.6527946
    },
    "11": {
        "activation": 301056,
        "param_size": 167424,
        "exec_time": 2.76050805
    },
    "12": {
        "activation": 37632,
        "param_size": 18624,
        "exec_time": 1.91855335
    },
    "13": {
        "activation": 37632,
        "param_size": 0,
        "exec_time": 1.7648125
    },
    "14": {
        "activation": 301056,
        "param_size": 167424,
        "exec_time": 2.8486731499999998
    },
    "15": {
        "activation": 37632,
        "param_size": 18624,
        "exec_time": 2.0069345
    },
    "16": {
        "activation": 37632,
        "param_size": 0,
        "exec_time": 1.9099671
    },
    "17": {
        "activation": 301056,
        "param_size": 167424,
        "exec_time": 2.982251
    },
    "18": {
        "activation": 37632,
        "param_size": 18624,
        "exec_time": 2.1199471
    },
    "19": {
        "activation": 37632,
        "param_size": 0,
        "exec_time": 2.00019315
    },
    "20": {
        "activation": 301056,
        "param_size": 19968,
        "exec_time": 2.8827624999999997
    },
    "21": {
        "activation": 75264,
        "param_size": 11136,
        "exec_time": 2.2583129
    },
    "22": {
        "activation": 18816,
        "param_size": 37248,
        "exec_time": 2.08045505
    },
    "23": {
        "activation": 150528,
        "param_size": 76800,
        "exec_time": 2.59145935
    },
    "24": {
        "activation": 150528,
        "param_size": 22272,
        "exec_time": 2.7610922
    },
    "25": {
        "activation": 18816,
        "param_size": 74112,
        "exec_time": 2.36682925
    },
    "26": {
        "activation": 18816,
        "param_size": 0,
        "exec_time": 2.3274442
    },
    "27": {
        "activation": 150528,
        "param_size": 76800,
        "exec_time": 2.84074095
    },
    "28": {
        "activation": 150528,
        "param_size": 22272,
        "exec_time": 2.9916553
    },
    "29": {
        "activation": 18816,
        "param_size": 74112,
        "exec_time": 2.5994417
    },
    "30": {
        "activation": 18816,
        "param_size": 0,
        "exec_time": 2.5555357
    },
    "31": {
        "activation": 150528,
        "param_size": 76800,
        "exec_time": 3.07177575
    },
    "32": {
        "activation": 150528,
        "param_size": 22272,
        "exec_time": 3.26308255
    },
    "33": {
        "activation": 18816,
        "param_size": 74112,
        "exec_time": 2.832107
    },
    "34": {
        "activation": 18816,
        "param_size": 0,
        "exec_time": 2.7935371499999997
    },
    "35": {
        "activation": 150528,
        "param_size": 76800,
        "exec_time": 3.31597425
    },
    "36": {
        "activation": 150528,
        "param_size": 22272,
        "exec_time": 3.4779507
    },
    "37": {
        "activation": 18816,
        "param_size": 74112,
        "exec_time": 3.09285895
    },
    "38": {
        "activation": 18816,
        "param_size": 0,
        "exec_time": 3.01038815
    },
    "39": {
        "activation": 150528,
        "param_size": 76800,
        "exec_time": 3.4845596
    },
    "40": {
        "activation": 150528,
        "param_size": 22272,
        "exec_time": 3.6591569
    },
    "41": {
        "activation": 28224,
        "param_size": 111168,
        "exec_time": 3.299644
    },
    "42": {
        "activation": 225792,
        "param_size": 170496,
        "exec_time": 4.0812484
    },
    "43": {
        "activation": 225792,
        "param_size": 33408,
        "exec_time": 4.3367990999999995
    },
    "44": {
        "activation": 28224,
        "param_size": 166464,
        "exec_time": 3.7311675
    },
    "45": {
        "activation": 28224,
        "param_size": 0,
        "exec_time": 3.63781715
    },
    "46": {
        "activation": 225792,
        "param_size": 170496,
        "exec_time": 4.398579
    },
    "47": {
        "activation": 225792,
        "param_size": 33408,
        "exec_time": 4.7062473
    },
    "48": {
        "activation": 28224,
        "param_size": 166464,
        "exec_time": 4.10005455
    },
    "49": {
        "activation": 28224,
        "param_size": 0,
        "exec_time": 4.02589955
    },
    "50": {
        "activation": 225792,
        "param_size": 170496,
        "exec_time": 4.7822505
    },
    "51": {
        "activation": 225792,
        "param_size": 33408,
        "exec_time": 5.0477109
    },
    "52": {
        "activation": 28224,
        "param_size": 166464,
        "exec_time": 4.43828685
    },
    "53": {
        "activation": 28224,
        "param_size": 0,
        "exec_time": 4.3398842
    },
    "54": {
        "activation": 225792,
        "param_size": 170496,
        "exec_time": 5.0255224
    },
    "55": {
        "activation": 56448,
        "param_size": 33408,
        "exec_time": 4.53308525
    },
    "56": {
        "activation": 9408,
        "param_size": 221952,
        "exec_time": 4.44295825
    },
    "57": {
        "activation": 75264,
        "param_size": 301056,
        "exec_time": 4.70959455
    },
    "58": {
        "activation": 75264,
        "param_size": 44544,
        "exec_time": 4.83692275
    },
    "59": {
        "activation": 9408,
        "param_size": 295680,
        "exec_time": 4.6438590500000005
    },
    "60": {
        "activation": 9408,
        "param_size": 0,
        "exec_time": 4.6095505999999995
    },
    "61": {
        "activation": 62720,
        "param_size": 250880,
        "exec_time": 4.7947711
    },
    "62": {
        "activation": 1280,
        "param_size": 8,
        "exec_time": 4.65068695
    },
    "63": {
        "activation": 1001,
        "param_size": 1285284,
        "exec_time": 4.65556725
    },
    "64": {
        "activation": 1001,
        "param_size": 0,
        "exec_time": 4.79433385
    },
    "65": {
        "activation": 1001,
        "param_size": 0,
        "exec_time": 4.79661925
    }
}